file_path,split,TYPE,WC,part,Motor,Gearbox,Axle_left,Axle_right,motor_speed,lateral_load
..\data\raw\preliminar\training\训练集\TYPE0\Sample1\data_gearbox.csv,training,TYPE0,Sample1,data_gearbox,M0,G0,LA0,RA0,NA,NA
..\data\raw\preliminar\training\训练集\TYPE0\Sample1\data_leftaxlebox.csv,training,TYPE0,Sample1,data_leftaxlebox,M0,G0,LA0,RA0,NA,NA
..\data\raw\preliminar\training\训练集\TYPE0\Sample1\data_motor.csv,training,TYPE0,Sample1,data_motor,M0,G0,LA0,RA0,NA,NA
..\data\raw\preliminar\training\训练集\TYPE0\Sample1\data_rightaxlebox.csv,training,TYPE0,Sample1,data_rightaxlebox,M0,G0,LA0,RA0,NA,NA
..\data\raw\preliminar\training\训练集\TYPE0\Sample2\data_gearbox.csv,training,TYPE0,Sample2,data_gearbox,M0,G0,LA0,RA0,NA,NA
..\data\raw\preliminar\training\训练集\TYPE0\Sample2\data_leftaxlebox.csv,training,TYPE0,Sample2,data_leftaxlebox,M0,G0,LA0,RA0,NA,NA
..\data\raw\preliminar\training\训练集\TYPE0\Sample2\data_motor.csv,training,TYPE0,Sample2,data_motor,M0,G0,LA0,RA0,NA,NA
..\data\raw\preliminar\training\训练集\TYPE0\Sample2\data_rightaxlebox.csv,training,TYPE0,Sample2,data_rightaxlebox,M0,G0,LA0,RA0,NA,NA
..\data\raw\preliminar\training\训练集\TYPE0\Sample3\data_gearbox.csv,training,TYPE0,Sample3,data_gearbox,M0,G0,LA0,RA0,NA,NA
..\data\raw\preliminar\training\训练集\TYPE0\Sample3\data_leftaxlebox.csv,training,TYPE0,Sample3,data_leftaxlebox,M0,G0,LA0,RA0,NA,NA
..\data\raw\preliminar\training\训练集\TYPE0\Sample3\data_motor.csv,training,TYPE0,Sample3,data_motor,M0,G0,LA0,RA0,NA,NA
..\data\raw\preliminar\training\训练集\TYPE0\Sample3\data_rightaxlebox.csv,training,TYPE0,Sample3,data_rightaxlebox,M0,G0,LA0,RA0,NA,NA
..\data\raw\preliminar\training\训练集\TYPE1\Sample1\data_gearbox.csv,training,TYPE1,Sample1,data_gearbox,M1,G0,LA0,RA0,NA,NA
..\data\raw\preliminar\training\训练集\TYPE1\Sample1\data_leftaxlebox.csv,training,TYPE1,Sample1,data_leftaxlebox,M1,G0,LA0,RA0,NA,NA
..\data\raw\preliminar\training\训练集\TYPE1\Sample1\data_motor.csv,training,TYPE1,Sample1,data_motor,M1,G0,LA0,RA0,NA,NA
..\data\raw\preliminar\training\训练集\TYPE1\Sample1\data_rightaxlebox.csv,training,TYPE1,Sample1,data_rightaxlebox,M1,G0,LA0,RA0,NA,NA
..\data\raw\preliminar\training\训练集\TYPE1\Sample2\data_gearbox.csv,training,TYPE1,Sample2,data_gearbox,M1,G0,LA0,RA0,NA,NA
..\data\raw\preliminar\training\训练集\TYPE1\Sample2\data_leftaxlebox.csv,training,TYPE1,Sample2,data_leftaxlebox,M1,G0,LA0,RA0,NA,NA
..\data\raw\preliminar\training\训练集\TYPE1\Sample2\data_motor.csv,training,TYPE1,Sample2,data_motor,M1,G0,LA0,RA0,NA,NA
..\data\raw\preliminar\training\训练集\TYPE1\Sample2\data_rightaxlebox.csv,training,TYPE1,Sample2,data_rightaxlebox,M1,G0,LA0,RA0,NA,NA
..\data\raw\preliminar\training\训练集\TYPE1\Sample3\data_gearbox.csv,training,TYPE1,Sample3,data_gearbox,M1,G0,LA0,RA0,NA,NA
..\data\raw\preliminar\training\训练集\TYPE1\Sample3\data_leftaxlebox.csv,training,TYPE1,Sample3,data_leftaxlebox,M1,G0,LA0,RA0,NA,NA
..\data\raw\preliminar\training\训练集\TYPE1\Sample3\data_motor.csv,training,TYPE1,Sample3,data_motor,M1,G0,LA0,RA0,NA,NA
..\data\raw\preliminar\training\训练集\TYPE1\Sample3\data_rightaxlebox.csv,training,TYPE1,Sample3,data_rightaxlebox,M1,G0,LA0,RA0,NA,NA
..\data\raw\preliminar\training\训练集\TYPE10\Sample1\data_gearbox.csv,training,TYPE10,Sample1,data_gearbox,M0,G6,LA0,RA0,NA,NA
..\data\raw\preliminar\training\训练集\TYPE10\Sample1\data_leftaxlebox.csv,training,TYPE10,Sample1,data_leftaxlebox,M0,G6,LA0,RA0,NA,NA
..\data\raw\preliminar\training\训练集\TYPE10\Sample1\data_motor.csv,training,TYPE10,Sample1,data_motor,M0,G6,LA0,RA0,NA,NA
..\data\raw\preliminar\training\训练集\TYPE10\Sample1\data_rightaxlebox.csv,training,TYPE10,Sample1,data_rightaxlebox,M0,G6,LA0,RA0,NA,NA
..\data\raw\preliminar\training\训练集\TYPE10\Sample2\data_gearbox.csv,training,TYPE10,Sample2,data_gearbox,M0,G6,LA0,RA0,NA,NA
..\data\raw\preliminar\training\训练集\TYPE10\Sample2\data_leftaxlebox.csv,training,TYPE10,Sample2,data_leftaxlebox,M0,G6,LA0,RA0,NA,NA
..\data\raw\preliminar\training\训练集\TYPE10\Sample2\data_motor.csv,training,TYPE10,Sample2,data_motor,M0,G6,LA0,RA0,NA,NA
..\data\raw\preliminar\training\训练集\TYPE10\Sample2\data_rightaxlebox.csv,training,TYPE10,Sample2,data_rightaxlebox,M0,G6,LA0,RA0,NA,NA
..\data\raw\preliminar\training\训练集\TYPE10\Sample3\data_gearbox.csv,training,TYPE10,Sample3,data_gearbox,M0,G6,LA0,RA0,NA,NA
..\data\raw\preliminar\training\训练集\TYPE10\Sample3\data_leftaxlebox.csv,training,TYPE10,Sample3,data_leftaxlebox,M0,G6,LA0,RA0,NA,NA
..\data\raw\preliminar\training\训练集\TYPE10\Sample3\data_motor.csv,training,TYPE10,Sample3,data_motor,M0,G6,LA0,RA0,NA,NA
..\data\raw\preliminar\training\训练集\TYPE10\Sample3\data_rightaxlebox.csv,training,TYPE10,Sample3,data_rightaxlebox,M0,G6,LA0,RA0,NA,NA
..\data\raw\preliminar\training\训练集\TYPE11\Sample1\data_gearbox.csv,training,TYPE11,Sample1,data_gearbox,M0,G7,LA0,RA0,NA,NA
..\data\raw\preliminar\training\训练集\TYPE11\Sample1\data_leftaxlebox.csv,training,TYPE11,Sample1,data_leftaxlebox,M0,G7,LA0,RA0,NA,NA
..\data\raw\preliminar\training\训练集\TYPE11\Sample1\data_motor.csv,training,TYPE11,Sample1,data_motor,M0,G7,LA0,RA0,NA,NA
..\data\raw\preliminar\training\训练集\TYPE11\Sample1\data_rightaxlebox.csv,training,TYPE11,Sample1,data_rightaxlebox,M0,G7,LA0,RA0,NA,NA
..\data\raw\preliminar\training\训练集\TYPE11\Sample2\data_gearbox.csv,training,TYPE11,Sample2,data_gearbox,M0,G7,LA0,RA0,NA,NA
..\data\raw\preliminar\training\训练集\TYPE11\Sample2\data_leftaxlebox.csv,training,TYPE11,Sample2,data_leftaxlebox,M0,G7,LA0,RA0,NA,NA
..\data\raw\preliminar\training\训练集\TYPE11\Sample2\data_motor.csv,training,TYPE11,Sample2,data_motor,M0,G7,LA0,RA0,NA,NA
..\data\raw\preliminar\training\训练集\TYPE11\Sample2\data_rightaxlebox.csv,training,TYPE11,Sample2,data_rightaxlebox,M0,G7,LA0,RA0,NA,NA
..\data\raw\preliminar\training\训练集\TYPE11\Sample3\data_gearbox.csv,training,TYPE11,Sample3,data_gearbox,M0,G7,LA0,RA0,NA,NA
..\data\raw\preliminar\training\训练集\TYPE11\Sample3\data_leftaxlebox.csv,training,TYPE11,Sample3,data_leftaxlebox,M0,G7,LA0,RA0,NA,NA
..\data\raw\preliminar\training\训练集\TYPE11\Sample3\data_motor.csv,training,TYPE11,Sample3,data_motor,M0,G7,LA0,RA0,NA,NA
..\data\raw\preliminar\training\训练集\TYPE11\Sample3\data_rightaxlebox.csv,training,TYPE11,Sample3,data_rightaxlebox,M0,G7,LA0,RA0,NA,NA
..\data\raw\preliminar\training\训练集\TYPE12\Sample1\data_gearbox.csv,training,TYPE12,Sample1,data_gearbox,M0,G8,LA0,RA0,NA,NA
..\data\raw\preliminar\training\训练集\TYPE12\Sample1\data_leftaxlebox.csv,training,TYPE12,Sample1,data_leftaxlebox,M0,G8,LA0,RA0,NA,NA
..\data\raw\preliminar\training\训练集\TYPE12\Sample1\data_motor.csv,training,TYPE12,Sample1,data_motor,M0,G8,LA0,RA0,NA,NA
..\data\raw\preliminar\training\训练集\TYPE12\Sample1\data_rightaxlebox.csv,training,TYPE12,Sample1,data_rightaxlebox,M0,G8,LA0,RA0,NA,NA
..\data\raw\preliminar\training\训练集\TYPE12\Sample2\data_gearbox.csv,training,TYPE12,Sample2,data_gearbox,M0,G8,LA0,RA0,NA,NA
..\data\raw\preliminar\training\训练集\TYPE12\Sample2\data_leftaxlebox.csv,training,TYPE12,Sample2,data_leftaxlebox,M0,G8,LA0,RA0,NA,NA
..\data\raw\preliminar\training\训练集\TYPE12\Sample2\data_motor.csv,training,TYPE12,Sample2,data_motor,M0,G8,LA0,RA0,NA,NA
..\data\raw\preliminar\training\训练集\TYPE12\Sample2\data_rightaxlebox.csv,training,TYPE12,Sample2,data_rightaxlebox,M0,G8,LA0,RA0,NA,NA
..\data\raw\preliminar\training\训练集\TYPE12\Sample3\data_gearbox.csv,training,TYPE12,Sample3,data_gearbox,M0,G8,LA0,RA0,NA,NA
..\data\raw\preliminar\training\训练集\TYPE12\Sample3\data_leftaxlebox.csv,training,TYPE12,Sample3,data_leftaxlebox,M0,G8,LA0,RA0,NA,NA
..\data\raw\preliminar\training\训练集\TYPE12\Sample3\data_motor.csv,training,TYPE12,Sample3,data_motor,M0,G8,LA0,RA0,NA,NA
..\data\raw\preliminar\training\训练集\TYPE12\Sample3\data_rightaxlebox.csv,training,TYPE12,Sample3,data_rightaxlebox,M0,G8,LA0,RA0,NA,NA
..\data\raw\preliminar\training\训练集\TYPE13\Sample1\data_gearbox.csv,training,TYPE13,Sample1,data_gearbox,M0,G0,LA1,RA0,NA,NA
..\data\raw\preliminar\training\训练集\TYPE13\Sample1\data_leftaxlebox.csv,training,TYPE13,Sample1,data_leftaxlebox,M0,G0,LA1,RA0,NA,NA
..\data\raw\preliminar\training\训练集\TYPE13\Sample1\data_motor.csv,training,TYPE13,Sample1,data_motor,M0,G0,LA1,RA0,NA,NA
..\data\raw\preliminar\training\训练集\TYPE13\Sample1\data_rightaxlebox.csv,training,TYPE13,Sample1,data_rightaxlebox,M0,G0,LA1,RA0,NA,NA
..\data\raw\preliminar\training\训练集\TYPE13\Sample2\data_gearbox.csv,training,TYPE13,Sample2,data_gearbox,M0,G0,LA1,RA0,NA,NA
..\data\raw\preliminar\training\训练集\TYPE13\Sample2\data_leftaxlebox.csv,training,TYPE13,Sample2,data_leftaxlebox,M0,G0,LA1,RA0,NA,NA
..\data\raw\preliminar\training\训练集\TYPE13\Sample2\data_motor.csv,training,TYPE13,Sample2,data_motor,M0,G0,LA1,RA0,NA,NA
..\data\raw\preliminar\training\训练集\TYPE13\Sample2\data_rightaxlebox.csv,training,TYPE13,Sample2,data_rightaxlebox,M0,G0,LA1,RA0,NA,NA
..\data\raw\preliminar\training\训练集\TYPE13\Sample3\data_gearbox.csv,training,TYPE13,Sample3,data_gearbox,M0,G0,LA1,RA0,NA,NA
..\data\raw\preliminar\training\训练集\TYPE13\Sample3\data_leftaxlebox.csv,training,TYPE13,Sample3,data_leftaxlebox,M0,G0,LA1,RA0,NA,NA
..\data\raw\preliminar\training\训练集\TYPE13\Sample3\data_motor.csv,training,TYPE13,Sample3,data_motor,M0,G0,LA1,RA0,NA,NA
..\data\raw\preliminar\training\训练集\TYPE13\Sample3\data_rightaxlebox.csv,training,TYPE13,Sample3,data_rightaxlebox,M0,G0,LA1,RA0,NA,NA
..\data\raw\preliminar\training\训练集\TYPE14\Sample1\data_gearbox.csv,training,TYPE14,Sample1,data_gearbox,M0,G0,LA2,RA0,NA,NA
..\data\raw\preliminar\training\训练集\TYPE14\Sample1\data_leftaxlebox.csv,training,TYPE14,Sample1,data_leftaxlebox,M0,G0,LA2,RA0,NA,NA
..\data\raw\preliminar\training\训练集\TYPE14\Sample1\data_motor.csv,training,TYPE14,Sample1,data_motor,M0,G0,LA2,RA0,NA,NA
..\data\raw\preliminar\training\训练集\TYPE14\Sample1\data_rightaxlebox.csv,training,TYPE14,Sample1,data_rightaxlebox,M0,G0,LA2,RA0,NA,NA
..\data\raw\preliminar\training\训练集\TYPE14\Sample2\data_gearbox.csv,training,TYPE14,Sample2,data_gearbox,M0,G0,LA2,RA0,NA,NA
..\data\raw\preliminar\training\训练集\TYPE14\Sample2\data_leftaxlebox.csv,training,TYPE14,Sample2,data_leftaxlebox,M0,G0,LA2,RA0,NA,NA
..\data\raw\preliminar\training\训练集\TYPE14\Sample2\data_motor.csv,training,TYPE14,Sample2,data_motor,M0,G0,LA2,RA0,NA,NA
..\data\raw\preliminar\training\训练集\TYPE14\Sample2\data_rightaxlebox.csv,training,TYPE14,Sample2,data_rightaxlebox,M0,G0,LA2,RA0,NA,NA
..\data\raw\preliminar\training\训练集\TYPE14\Sample3\data_gearbox.csv,training,TYPE14,Sample3,data_gearbox,M0,G0,LA2,RA0,NA,NA
..\data\raw\preliminar\training\训练集\TYPE14\Sample3\data_leftaxlebox.csv,training,TYPE14,Sample3,data_leftaxlebox,M0,G0,LA2,RA0,NA,NA
..\data\raw\preliminar\training\训练集\TYPE14\Sample3\data_motor.csv,training,TYPE14,Sample3,data_motor,M0,G0,LA2,RA0,NA,NA
..\data\raw\preliminar\training\训练集\TYPE14\Sample3\data_rightaxlebox.csv,training,TYPE14,Sample3,data_rightaxlebox,M0,G0,LA2,RA0,NA,NA
..\data\raw\preliminar\training\训练集\TYPE15\Sample1\data_gearbox.csv,training,TYPE15,Sample1,data_gearbox,M0,G0,LA3,RA0,NA,NA
..\data\raw\preliminar\training\训练集\TYPE15\Sample1\data_leftaxlebox.csv,training,TYPE15,Sample1,data_leftaxlebox,M0,G0,LA3,RA0,NA,NA
..\data\raw\preliminar\training\训练集\TYPE15\Sample1\data_motor.csv,training,TYPE15,Sample1,data_motor,M0,G0,LA3,RA0,NA,NA
..\data\raw\preliminar\training\训练集\TYPE15\Sample1\data_rightaxlebox.csv,training,TYPE15,Sample1,data_rightaxlebox,M0,G0,LA3,RA0,NA,NA
..\data\raw\preliminar\training\训练集\TYPE15\Sample2\data_gearbox.csv,training,TYPE15,Sample2,data_gearbox,M0,G0,LA3,RA0,NA,NA
..\data\raw\preliminar\training\训练集\TYPE15\Sample2\data_leftaxlebox.csv,training,TYPE15,Sample2,data_leftaxlebox,M0,G0,LA3,RA0,NA,NA
..\data\raw\preliminar\training\训练集\TYPE15\Sample2\data_motor.csv,training,TYPE15,Sample2,data_motor,M0,G0,LA3,RA0,NA,NA
..\data\raw\preliminar\training\训练集\TYPE15\Sample2\data_rightaxlebox.csv,training,TYPE15,Sample2,data_rightaxlebox,M0,G0,LA3,RA0,NA,NA
..\data\raw\preliminar\training\训练集\TYPE15\Sample3\data_gearbox.csv,training,TYPE15,Sample3,data_gearbox,M0,G0,LA3,RA0,NA,NA
..\data\raw\preliminar\training\训练集\TYPE15\Sample3\data_leftaxlebox.csv,training,TYPE15,Sample3,data_leftaxlebox,M0,G0,LA3,RA0,NA,NA
..\data\raw\preliminar\training\训练集\TYPE15\Sample3\data_motor.csv,training,TYPE15,Sample3,data_motor,M0,G0,LA3,RA0,NA,NA
..\data\raw\preliminar\training\训练集\TYPE15\Sample3\data_rightaxlebox.csv,training,TYPE15,Sample3,data_rightaxlebox,M0,G0,LA3,RA0,NA,NA
..\data\raw\preliminar\training\训练集\TYPE16\Sample1\data_gearbox.csv,training,TYPE16,Sample1,data_gearbox,M0,G0,LA4,RA0,NA,NA
..\data\raw\preliminar\training\训练集\TYPE16\Sample1\data_leftaxlebox.csv,training,TYPE16,Sample1,data_leftaxlebox,M0,G0,LA4,RA0,NA,NA
..\data\raw\preliminar\training\训练集\TYPE16\Sample1\data_motor.csv,training,TYPE16,Sample1,data_motor,M0,G0,LA4,RA0,NA,NA
..\data\raw\preliminar\training\训练集\TYPE16\Sample1\data_rightaxlebox.csv,training,TYPE16,Sample1,data_rightaxlebox,M0,G0,LA4,RA0,NA,NA
..\data\raw\preliminar\training\训练集\TYPE16\Sample2\data_gearbox.csv,training,TYPE16,Sample2,data_gearbox,M0,G0,LA4,RA0,NA,NA
..\data\raw\preliminar\training\训练集\TYPE16\Sample2\data_leftaxlebox.csv,training,TYPE16,Sample2,data_leftaxlebox,M0,G0,LA4,RA0,NA,NA
..\data\raw\preliminar\training\训练集\TYPE16\Sample2\data_motor.csv,training,TYPE16,Sample2,data_motor,M0,G0,LA4,RA0,NA,NA
..\data\raw\preliminar\training\训练集\TYPE16\Sample2\data_rightaxlebox.csv,training,TYPE16,Sample2,data_rightaxlebox,M0,G0,LA4,RA0,NA,NA
..\data\raw\preliminar\training\训练集\TYPE16\Sample3\data_gearbox.csv,training,TYPE16,Sample3,data_gearbox,M0,G0,LA4,RA0,NA,NA
..\data\raw\preliminar\training\训练集\TYPE16\Sample3\data_leftaxlebox.csv,training,TYPE16,Sample3,data_leftaxlebox,M0,G0,LA4,RA0,NA,NA
..\data\raw\preliminar\training\训练集\TYPE16\Sample3\data_motor.csv,training,TYPE16,Sample3,data_motor,M0,G0,LA4,RA0,NA,NA
..\data\raw\preliminar\training\训练集\TYPE16\Sample3\data_rightaxlebox.csv,training,TYPE16,Sample3,data_rightaxlebox,M0,G0,LA4,RA0,NA,NA
..\data\raw\preliminar\training\训练集\TYPE2\Sample1\data_gearbox.csv,training,TYPE2,Sample1,data_gearbox,M2,G0,LA0,RA0,NA,NA
..\data\raw\preliminar\training\训练集\TYPE2\Sample1\data_leftaxlebox.csv,training,TYPE2,Sample1,data_leftaxlebox,M2,G0,LA0,RA0,NA,NA
..\data\raw\preliminar\training\训练集\TYPE2\Sample1\data_motor.csv,training,TYPE2,Sample1,data_motor,M2,G0,LA0,RA0,NA,NA
..\data\raw\preliminar\training\训练集\TYPE2\Sample1\data_rightaxlebox.csv,training,TYPE2,Sample1,data_rightaxlebox,M2,G0,LA0,RA0,NA,NA
..\data\raw\preliminar\training\训练集\TYPE2\Sample2\data_gearbox.csv,training,TYPE2,Sample2,data_gearbox,M2,G0,LA0,RA0,NA,NA
..\data\raw\preliminar\training\训练集\TYPE2\Sample2\data_leftaxlebox.csv,training,TYPE2,Sample2,data_leftaxlebox,M2,G0,LA0,RA0,NA,NA
..\data\raw\preliminar\training\训练集\TYPE2\Sample2\data_motor.csv,training,TYPE2,Sample2,data_motor,M2,G0,LA0,RA0,NA,NA
..\data\raw\preliminar\training\训练集\TYPE2\Sample2\data_rightaxlebox.csv,training,TYPE2,Sample2,data_rightaxlebox,M2,G0,LA0,RA0,NA,NA
..\data\raw\preliminar\training\训练集\TYPE2\Sample3\data_gearbox.csv,training,TYPE2,Sample3,data_gearbox,M2,G0,LA0,RA0,NA,NA
..\data\raw\preliminar\training\训练集\TYPE2\Sample3\data_leftaxlebox.csv,training,TYPE2,Sample3,data_leftaxlebox,M2,G0,LA0,RA0,NA,NA
..\data\raw\preliminar\training\训练集\TYPE2\Sample3\data_motor.csv,training,TYPE2,Sample3,data_motor,M2,G0,LA0,RA0,NA,NA
..\data\raw\preliminar\training\训练集\TYPE2\Sample3\data_rightaxlebox.csv,training,TYPE2,Sample3,data_rightaxlebox,M2,G0,LA0,RA0,NA,NA
..\data\raw\preliminar\training\训练集\TYPE3\Sample1\data_gearbox.csv,training,TYPE3,Sample1,data_gearbox,M3,G0,LA0,RA0,NA,NA
..\data\raw\preliminar\training\训练集\TYPE3\Sample1\data_leftaxlebox.csv,training,TYPE3,Sample1,data_leftaxlebox,M3,G0,LA0,RA0,NA,NA
..\data\raw\preliminar\training\训练集\TYPE3\Sample1\data_motor.csv,training,TYPE3,Sample1,data_motor,M3,G0,LA0,RA0,NA,NA
..\data\raw\preliminar\training\训练集\TYPE3\Sample1\data_rightaxlebox.csv,training,TYPE3,Sample1,data_rightaxlebox,M3,G0,LA0,RA0,NA,NA
..\data\raw\preliminar\training\训练集\TYPE3\Sample2\data_gearbox.csv,training,TYPE3,Sample2,data_gearbox,M3,G0,LA0,RA0,NA,NA
..\data\raw\preliminar\training\训练集\TYPE3\Sample2\data_leftaxlebox.csv,training,TYPE3,Sample2,data_leftaxlebox,M3,G0,LA0,RA0,NA,NA
..\data\raw\preliminar\training\训练集\TYPE3\Sample2\data_motor.csv,training,TYPE3,Sample2,data_motor,M3,G0,LA0,RA0,NA,NA
..\data\raw\preliminar\training\训练集\TYPE3\Sample2\data_rightaxlebox.csv,training,TYPE3,Sample2,data_rightaxlebox,M3,G0,LA0,RA0,NA,NA
..\data\raw\preliminar\training\训练集\TYPE3\Sample3\data_gearbox.csv,training,TYPE3,Sample3,data_gearbox,M3,G0,LA0,RA0,NA,NA
..\data\raw\preliminar\training\训练集\TYPE3\Sample3\data_leftaxlebox.csv,training,TYPE3,Sample3,data_leftaxlebox,M3,G0,LA0,RA0,NA,NA
..\data\raw\preliminar\training\训练集\TYPE3\Sample3\data_motor.csv,training,TYPE3,Sample3,data_motor,M3,G0,LA0,RA0,NA,NA
..\data\raw\preliminar\training\训练集\TYPE3\Sample3\data_rightaxlebox.csv,training,TYPE3,Sample3,data_rightaxlebox,M3,G0,LA0,RA0,NA,NA
..\data\raw\preliminar\training\训练集\TYPE4\Sample1\data_gearbox.csv,training,TYPE4,Sample1,data_gearbox,M4,G0,LA0,RA0,NA,NA
..\data\raw\preliminar\training\训练集\TYPE4\Sample1\data_leftaxlebox.csv,training,TYPE4,Sample1,data_leftaxlebox,M4,G0,LA0,RA0,NA,NA
..\data\raw\preliminar\training\训练集\TYPE4\Sample1\data_motor.csv,training,TYPE4,Sample1,data_motor,M4,G0,LA0,RA0,NA,NA
..\data\raw\preliminar\training\训练集\TYPE4\Sample1\data_rightaxlebox.csv,training,TYPE4,Sample1,data_rightaxlebox,M4,G0,LA0,RA0,NA,NA
..\data\raw\preliminar\training\训练集\TYPE4\Sample2\data_gearbox.csv,training,TYPE4,Sample2,data_gearbox,M4,G0,LA0,RA0,NA,NA
..\data\raw\preliminar\training\训练集\TYPE4\Sample2\data_leftaxlebox.csv,training,TYPE4,Sample2,data_leftaxlebox,M4,G0,LA0,RA0,NA,NA
..\data\raw\preliminar\training\训练集\TYPE4\Sample2\data_motor.csv,training,TYPE4,Sample2,data_motor,M4,G0,LA0,RA0,NA,NA
..\data\raw\preliminar\training\训练集\TYPE4\Sample2\data_rightaxlebox.csv,training,TYPE4,Sample2,data_rightaxlebox,M4,G0,LA0,RA0,NA,NA
..\data\raw\preliminar\training\训练集\TYPE4\Sample3\data_gearbox.csv,training,TYPE4,Sample3,data_gearbox,M4,G0,LA0,RA0,NA,NA
..\data\raw\preliminar\training\训练集\TYPE4\Sample3\data_leftaxlebox.csv,training,TYPE4,Sample3,data_leftaxlebox,M4,G0,LA0,RA0,NA,NA
..\data\raw\preliminar\training\训练集\TYPE4\Sample3\data_motor.csv,training,TYPE4,Sample3,data_motor,M4,G0,LA0,RA0,NA,NA
..\data\raw\preliminar\training\训练集\TYPE4\Sample3\data_rightaxlebox.csv,training,TYPE4,Sample3,data_rightaxlebox,M4,G0,LA0,RA0,NA,NA
..\data\raw\preliminar\training\训练集\TYPE5\Sample1\data_gearbox.csv,training,TYPE5,Sample1,data_gearbox,M0,G1,LA0,RA0,NA,NA
..\data\raw\preliminar\training\训练集\TYPE5\Sample1\data_leftaxlebox.csv,training,TYPE5,Sample1,data_leftaxlebox,M0,G1,LA0,RA0,NA,NA
..\data\raw\preliminar\training\训练集\TYPE5\Sample1\data_motor.csv,training,TYPE5,Sample1,data_motor,M0,G1,LA0,RA0,NA,NA
..\data\raw\preliminar\training\训练集\TYPE5\Sample1\data_rightaxlebox.csv,training,TYPE5,Sample1,data_rightaxlebox,M0,G1,LA0,RA0,NA,NA
..\data\raw\preliminar\training\训练集\TYPE5\Sample2\data_gearbox.csv,training,TYPE5,Sample2,data_gearbox,M0,G1,LA0,RA0,NA,NA
..\data\raw\preliminar\training\训练集\TYPE5\Sample2\data_leftaxlebox.csv,training,TYPE5,Sample2,data_leftaxlebox,M0,G1,LA0,RA0,NA,NA
..\data\raw\preliminar\training\训练集\TYPE5\Sample2\data_motor.csv,training,TYPE5,Sample2,data_motor,M0,G1,LA0,RA0,NA,NA
..\data\raw\preliminar\training\训练集\TYPE5\Sample2\data_rightaxlebox.csv,training,TYPE5,Sample2,data_rightaxlebox,M0,G1,LA0,RA0,NA,NA
..\data\raw\preliminar\training\训练集\TYPE5\Sample3\data_gearbox.csv,training,TYPE5,Sample3,data_gearbox,M0,G1,LA0,RA0,NA,NA
..\data\raw\preliminar\training\训练集\TYPE5\Sample3\data_leftaxlebox.csv,training,TYPE5,Sample3,data_leftaxlebox,M0,G1,LA0,RA0,NA,NA
..\data\raw\preliminar\training\训练集\TYPE5\Sample3\data_motor.csv,training,TYPE5,Sample3,data_motor,M0,G1,LA0,RA0,NA,NA
..\data\raw\preliminar\training\训练集\TYPE5\Sample3\data_rightaxlebox.csv,training,TYPE5,Sample3,data_rightaxlebox,M0,G1,LA0,RA0,NA,NA
..\data\raw\preliminar\training\训练集\TYPE6\Sample1\data_gearbox.csv,training,TYPE6,Sample1,data_gearbox,M0,G2,LA0,RA0,NA,NA
..\data\raw\preliminar\training\训练集\TYPE6\Sample1\data_leftaxlebox.csv,training,TYPE6,Sample1,data_leftaxlebox,M0,G2,LA0,RA0,NA,NA
..\data\raw\preliminar\training\训练集\TYPE6\Sample1\data_motor.csv,training,TYPE6,Sample1,data_motor,M0,G2,LA0,RA0,NA,NA
..\data\raw\preliminar\training\训练集\TYPE6\Sample1\data_rightaxlebox.csv,training,TYPE6,Sample1,data_rightaxlebox,M0,G2,LA0,RA0,NA,NA
..\data\raw\preliminar\training\训练集\TYPE6\Sample2\data_gearbox.csv,training,TYPE6,Sample2,data_gearbox,M0,G2,LA0,RA0,NA,NA
..\data\raw\preliminar\training\训练集\TYPE6\Sample2\data_leftaxlebox.csv,training,TYPE6,Sample2,data_leftaxlebox,M0,G2,LA0,RA0,NA,NA
..\data\raw\preliminar\training\训练集\TYPE6\Sample2\data_motor.csv,training,TYPE6,Sample2,data_motor,M0,G2,LA0,RA0,NA,NA
..\data\raw\preliminar\training\训练集\TYPE6\Sample2\data_rightaxlebox.csv,training,TYPE6,Sample2,data_rightaxlebox,M0,G2,LA0,RA0,NA,NA
..\data\raw\preliminar\training\训练集\TYPE6\Sample3\data_gearbox.csv,training,TYPE6,Sample3,data_gearbox,M0,G2,LA0,RA0,NA,NA
..\data\raw\preliminar\training\训练集\TYPE6\Sample3\data_leftaxlebox.csv,training,TYPE6,Sample3,data_leftaxlebox,M0,G2,LA0,RA0,NA,NA
..\data\raw\preliminar\training\训练集\TYPE6\Sample3\data_motor.csv,training,TYPE6,Sample3,data_motor,M0,G2,LA0,RA0,NA,NA
..\data\raw\preliminar\training\训练集\TYPE6\Sample3\data_rightaxlebox.csv,training,TYPE6,Sample3,data_rightaxlebox,M0,G2,LA0,RA0,NA,NA
..\data\raw\preliminar\training\训练集\TYPE7\Sample1\data_gearbox.csv,training,TYPE7,Sample1,data_gearbox,M0,G3,LA0,RA0,NA,NA
..\data\raw\preliminar\training\训练集\TYPE7\Sample1\data_leftaxlebox.csv,training,TYPE7,Sample1,data_leftaxlebox,M0,G3,LA0,RA0,NA,NA
..\data\raw\preliminar\training\训练集\TYPE7\Sample1\data_motor.csv,training,TYPE7,Sample1,data_motor,M0,G3,LA0,RA0,NA,NA
..\data\raw\preliminar\training\训练集\TYPE7\Sample1\data_rightaxlebox.csv,training,TYPE7,Sample1,data_rightaxlebox,M0,G3,LA0,RA0,NA,NA
..\data\raw\preliminar\training\训练集\TYPE7\Sample2\data_gearbox.csv,training,TYPE7,Sample2,data_gearbox,M0,G3,LA0,RA0,NA,NA
..\data\raw\preliminar\training\训练集\TYPE7\Sample2\data_leftaxlebox.csv,training,TYPE7,Sample2,data_leftaxlebox,M0,G3,LA0,RA0,NA,NA
..\data\raw\preliminar\training\训练集\TYPE7\Sample2\data_motor.csv,training,TYPE7,Sample2,data_motor,M0,G3,LA0,RA0,NA,NA
..\data\raw\preliminar\training\训练集\TYPE7\Sample2\data_rightaxlebox.csv,training,TYPE7,Sample2,data_rightaxlebox,M0,G3,LA0,RA0,NA,NA
..\data\raw\preliminar\training\训练集\TYPE7\Sample3\data_gearbox.csv,training,TYPE7,Sample3,data_gearbox,M0,G3,LA0,RA0,NA,NA
..\data\raw\preliminar\training\训练集\TYPE7\Sample3\data_leftaxlebox.csv,training,TYPE7,Sample3,data_leftaxlebox,M0,G3,LA0,RA0,NA,NA
..\data\raw\preliminar\training\训练集\TYPE7\Sample3\data_motor.csv,training,TYPE7,Sample3,data_motor,M0,G3,LA0,RA0,NA,NA
..\data\raw\preliminar\training\训练集\TYPE7\Sample3\data_rightaxlebox.csv,training,TYPE7,Sample3,data_rightaxlebox,M0,G3,LA0,RA0,NA,NA
..\data\raw\preliminar\training\训练集\TYPE8\Sample1\data_gearbox.csv,training,TYPE8,Sample1,data_gearbox,M0,G4,LA0,RA0,NA,NA
..\data\raw\preliminar\training\训练集\TYPE8\Sample1\data_leftaxlebox.csv,training,TYPE8,Sample1,data_leftaxlebox,M0,G4,LA0,RA0,NA,NA
..\data\raw\preliminar\training\训练集\TYPE8\Sample1\data_motor.csv,training,TYPE8,Sample1,data_motor,M0,G4,LA0,RA0,NA,NA
..\data\raw\preliminar\training\训练集\TYPE8\Sample1\data_rightaxlebox.csv,training,TYPE8,Sample1,data_rightaxlebox,M0,G4,LA0,RA0,NA,NA
..\data\raw\preliminar\training\训练集\TYPE8\Sample2\data_gearbox.csv,training,TYPE8,Sample2,data_gearbox,M0,G4,LA0,RA0,NA,NA
..\data\raw\preliminar\training\训练集\TYPE8\Sample2\data_leftaxlebox.csv,training,TYPE8,Sample2,data_leftaxlebox,M0,G4,LA0,RA0,NA,NA
..\data\raw\preliminar\training\训练集\TYPE8\Sample2\data_motor.csv,training,TYPE8,Sample2,data_motor,M0,G4,LA0,RA0,NA,NA
..\data\raw\preliminar\training\训练集\TYPE8\Sample2\data_rightaxlebox.csv,training,TYPE8,Sample2,data_rightaxlebox,M0,G4,LA0,RA0,NA,NA
..\data\raw\preliminar\training\训练集\TYPE8\Sample3\data_gearbox.csv,training,TYPE8,Sample3,data_gearbox,M0,G4,LA0,RA0,NA,NA
..\data\raw\preliminar\training\训练集\TYPE8\Sample3\data_leftaxlebox.csv,training,TYPE8,Sample3,data_leftaxlebox,M0,G4,LA0,RA0,NA,NA
..\data\raw\preliminar\training\训练集\TYPE8\Sample3\data_motor.csv,training,TYPE8,Sample3,data_motor,M0,G4,LA0,RA0,NA,NA
..\data\raw\preliminar\training\训练集\TYPE8\Sample3\data_rightaxlebox.csv,training,TYPE8,Sample3,data_rightaxlebox,M0,G4,LA0,RA0,NA,NA
..\data\raw\preliminar\training\训练集\TYPE9\Sample1\data_gearbox.csv,training,TYPE9,Sample1,data_gearbox,M0,G5,LA0,RA0,NA,NA
..\data\raw\preliminar\training\训练集\TYPE9\Sample1\data_leftaxlebox.csv,training,TYPE9,Sample1,data_leftaxlebox,M0,G5,LA0,RA0,NA,NA
..\data\raw\preliminar\training\训练集\TYPE9\Sample1\data_motor.csv,training,TYPE9,Sample1,data_motor,M0,G5,LA0,RA0,NA,NA
..\data\raw\preliminar\training\训练集\TYPE9\Sample1\data_rightaxlebox.csv,training,TYPE9,Sample1,data_rightaxlebox,M0,G5,LA0,RA0,NA,NA
..\data\raw\preliminar\training\训练集\TYPE9\Sample2\data_gearbox.csv,training,TYPE9,Sample2,data_gearbox,M0,G5,LA0,RA0,NA,NA
..\data\raw\preliminar\training\训练集\TYPE9\Sample2\data_leftaxlebox.csv,training,TYPE9,Sample2,data_leftaxlebox,M0,G5,LA0,RA0,NA,NA
..\data\raw\preliminar\training\训练集\TYPE9\Sample2\data_motor.csv,training,TYPE9,Sample2,data_motor,M0,G5,LA0,RA0,NA,NA
..\data\raw\preliminar\training\训练集\TYPE9\Sample2\data_rightaxlebox.csv,training,TYPE9,Sample2,data_rightaxlebox,M0,G5,LA0,RA0,NA,NA
..\data\raw\preliminar\training\训练集\TYPE9\Sample3\data_gearbox.csv,training,TYPE9,Sample3,data_gearbox,M0,G5,LA0,RA0,NA,NA
..\data\raw\preliminar\training\训练集\TYPE9\Sample3\data_leftaxlebox.csv,training,TYPE9,Sample3,data_leftaxlebox,M0,G5,LA0,RA0,NA,NA
..\data\raw\preliminar\training\训练集\TYPE9\Sample3\data_motor.csv,training,TYPE9,Sample3,data_motor,M0,G5,LA0,RA0,NA,NA
..\data\raw\preliminar\training\训练集\TYPE9\Sample3\data_rightaxlebox.csv,training,TYPE9,Sample3,data_rightaxlebox,M0,G5,LA0,RA0,NA,NA
